UnitCardAsset,Chassis,Variant,Type,Usage,IntroDate,BV2,Role,EnvironmentBlacklist,IntroDifficulty,Tier,Notes,Comstar_Rarity,Davion_Rarity,FRR_Rarity,Kurita_Rarity,Liao_Rarity,Marik_Rarity,Steiner_Rarity,Mercs_Rarity,Periphery_Rarity,Outlaws_Rarity,Independent_Rarity,BlackInferno_Rarity,FedCom_Rarity
ANH-1A_UnitCard,Annihilator,ANH-1A,UnitType.Mech.Assault,Unit.Usage.Market,1/1/3009,1434,Unit.Role.Juggernaut,,75,10,Wolf's Dragoons mainly,,,,,,,,VeryRare,,,,,
ANH-1E_UnitCard,Annihilator,ANH-1E,UnitType.Mech.Assault,Unit.Usage.Market,1/1/3028,1625,Unit.Role.Juggernaut,,75,10,Wolf's Dragoons mainly,,,,,,,,VeryRare,,,,,
ANH-1X_UnitCard,Annihilator,ANH-1X,UnitType.Mech.Assault,Unit.Usage.Market,1/1/2779,1926,Unit.Role.Juggernaut,,75,10,"Extinct by 3050, no info earlier",,,,,,,,,,,,,
ANH-2A_UnitCard,Annihilator,ANH-2A,UnitType.Mech.Assault,Unit.Usage.Unique,1/1/3048,1595,Unit.Role.Juggernaut,,75,10,Wolf's Dragoons pre-3050,,,,,,,,VeryRare,,,,,
ARC-2R_UnitCard,Archer,ARC-2R,UnitType.Mech.Heavy,Unit.Usage.Market,1/1/2474,1477,Unit.Role.MissileBoat,,45,6,,Common,Common,VeryCommon,VeryCommon,Common,Common,VeryCommon,Common,Uncommon,Uncommon,Common,Common,Common
ARC-T_UnitCard,Archer,ARC-T,UnitType.Mech.Heavy,Unit.Usage.Unique,1/1/3006,1477,Unit.Role.MissileBoat,,45,6,Unique,,,,,,,,,,,,,
ARC-5S_UnitCard,Archer,ARC-5S,UnitType.Mech.Heavy,Unit.Usage.Market,1/1/3049,1477,Unit.Role.MissileBoat,,50,7,,Uncommon,Rare,Rare,Rare,,Rare,Rare,Rare,Rare,Rare,,Rare,Rare
ARC-5W_UnitCard,Archer,ARC-5W,UnitType.Mech.Heavy,Unit.Usage.Market,1/1/3049,1477,Unit.Role.MissileBoat,,50,7,,Uncommon,Rare,Rare,Rare,,Rare,Rare,Rare,Rare,Rare,,Rare,Rare
ASN-101_UnitCard,Assassin,ASN-101,UnitType.Mech.Medium,Unit.Usage.Market,1/1/3024,757,Unit.Role.Scout,,5,2,,,VeryRare,,,,,,,,,,,VeryRare
ASN-21_UnitCard,Assassin,ASN-21,UnitType.Mech.Medium,Unit.Usage.Market,1/1/2676,749,Unit.Role.Scout,,3,2,,Uncommon,Rare,Rare,Rare,,Rare,Rare,Rare,Rare,Rare,,Rare,Rare
ASN-26_UnitCard,Assassin,ASN-26,UnitType.Mech.Medium,Unit.Usage.Market,1/1/3038,1044,Unit.Role.Scout,,5,4,,,Rare,Rare,Rare,,Rare,Rare,,,,,,Rare
AS7-BH_UnitCard,Atlas,AS7-BH,UnitType.Mech.Assault,Unit.Usage.Unique,1/1/3024,1717,Unit.Role.Juggernaut,,54,10,Unique,,,,,,,,,,,,,
AS7-D_UnitCard,Atlas,AS7-D,UnitType.Mech.Assault,Unit.Usage.Market,1/1/2755,1897,Unit.Role.Juggernaut,,61,9,,Common,Uncommon,Uncommon,Uncommon,VeryRare,Uncommon,Common,Uncommon,VeryRare,VeryRare,VeryRare,Uncommon,Uncommon
AS7-K_UnitCard,Atlas,AS7-K,UnitType.Mech.Assault,Unit.Usage.Market,1/1/3049,2175,Unit.Role.Sniper,,72,9,,Uncommon,,Uncommon,Common,VeryRare,VeryRare,,VeryRare,,,,Rare,
AS7-T_UnitCard,Atlas,AS7-T,UnitType.Mech.Assault,Unit.Usage.Unique,1/1/3009,2175,Unit.Role.Brawler,,72,9,Unique,,,,,,,,,,,,,
AS7-T2_UnitCard,Atlas,AS7-T2,UnitType.Mech.Assault,Unit.Usage.Unique,1/1/3009,2175,Unit.Role.Brawler,,72,9,Unique,,,,,,,,,,,,,
AS7-KR_UnitCard,Atlas,AS7-KR,UnitType.Mech.Assault,Unit.Usage.Unique,1/1/3049,2208,Unit.Role.Sniper,,73,10,Unique,,,,,,,,,,,,,
AS7-RS_UnitCard,Atlas,AS7-RS,UnitType.Mech.Assault,Unit.Usage.Market,1/1/2892,1849,Unit.Role.Juggernaut,,60,9,,,Uncommon,Rare,Rare,VeryRare,VeryRare,VeryRare,Rare,VeryRare,VeryRare,VeryRare,Rare,Rare
AWS-8Q_UnitCard,Awesome,AWS-8Q,UnitType.Mech.Assault,Unit.Usage.Market,1/1/2665,1605,Unit.Role.Sniper,,50,7,,Uncommon,Uncommon,Uncommon,Uncommon,Uncommon,Common,Uncommon,Uncommon,Uncommon,Uncommon,Uncommon,Uncommon,Uncommon
AWS-8R_UnitCard,Awesome,AWS-8R,UnitType.Mech.Assault,Unit.Usage.Market,1/1/2683,1470,Unit.Role.MissileBoat,,45,8,,Uncommon,Uncommon,Uncommon,Uncommon,Uncommon,Common,Uncommon,,,,Uncommon,VeryRare,Uncommon
AWS-8T_UnitCard,Awesome,AWS-8T,UnitType.Mech.Assault,Unit.Usage.Market,1/1/2815,1593,Unit.Role.MissileBoat,,50,8,,,Rare,Rare,Rare,Rare,Uncommon,Rare,Rare,,Uncommon,VeryRare,Uncommon,Rare
AWS-8V_UnitCard,Awesome,AWS-8V,UnitType.Mech.Assault,Unit.Usage.Market,1/1/2980,1510,Unit.Role.Sniper,,47,8,,,VeryRare,VeryRare,VeryRare,VeryRare,Rare,VeryRare,,,,VeryRare,,VeryRare
AWS-9M_UnitCard,Awesome,AWS-9M,UnitType.Mech.Assault,Unit.Usage.Market,1/1/3049,1812,Unit.Role.Brawler,,58,8,,,VeryRare,VeryRare,Rare,VeryRare,Uncommon,Rare,,,,VeryRare,,Rare
AWS-PB_UnitCard,Awesome,AWS-PB,UnitType.Mech.Assault,Unit.Usage.Unique,1/1/3015,1043,Unit.Role.Brawler,,29,9,Unique,,,,,,,,,,,,,
BNC-3E_UnitCard,Banshee,BNC-3E,UnitType.Mech.Assault,Unit.Usage.Market,1/1/2475,1422,Unit.Role.Sniper,,43,7,,Rare,Uncommon,Uncommon,Uncommon,Uncommon,Rare,Common,Uncommon,Uncommon,Uncommon,Uncommon,Uncommon,Common
BNC-3M_UnitCard,Banshee,BNC-3M,UnitType.Mech.Assault,Unit.Usage.Market,1/1/2579,1595,Unit.Role.Brawler,,50,8,,,,,,,Uncommon,,,,,VeryRare,VeryRare,
BNC-3S_UnitCard,Banshee,BNC-3S,UnitType.Mech.Assault,Unit.Usage.Market,1/1/3026,1751,Unit.Role.Juggernaut,,56,8,,,Uncommon,VeryRare,,,,Common,,,,,,Uncommon
BNC-LM_UnitCard,Banshee,BNC-LM,UnitType.Mech.Assault,Unit.Usage.Unique,1/1/3020,1822,Unit.Role.Brawler,,58,8,Unique,,,,,,,,,,,,,
BNC-SR_UnitCard,Banshee,BNC-SR,UnitType.Mech.Assault,Unit.Usage.Unique,1/1/3047,1853,Unit.Role.Brawler,,60,8,Unique,,,,,,,,,,,,,
BLR-1D_UnitCard,BattleMaster,BLR-1D,UnitType.Mech.Assault,Unit.Usage.Market,1/1/2867,1522,Unit.Role.Brawler,,47,8,,,VeryRare,,,,,,,,,,,VeryRare
BLR-1G_UnitCard,BattleMaster,BLR-1G,UnitType.Mech.Assault,Unit.Usage.Market,1/1/2633,1519,Unit.Role.Brawler,,47,8,,Common,Rare,Uncommon,Common,Uncommon,Common,Common,Rare,Rare,Rare,Rare,Uncommon,Uncommon
BLR-1GHE_UnitCard,BattleMaster,BLR-1GHE,UnitType.Mech.Assault,Unit.Usage.Unique,1/1/2750,1764,Unit.Role.Brawler,,56,9,Unique,,,,,,,,,,,,,
BLR-1S_UnitCard,BattleMaster,BLR-1S,UnitType.Mech.Assault,Unit.Usage.Market,1/1/3025,1507,Unit.Role.Brawler,,46,9,,,,,,,,Uncommon,,,,,,Rare
BLR-3M_UnitCard,BattleMaster,BLR-3M,UnitType.Mech.Assault,Unit.Usage.Market,1/1/3049,1679,Unit.Role.Brawler,,53,10,,Uncommon,VeryRare,Rare,VeryRare,Rare,Uncommon,Uncommon,VeryRare,Rare,Rare,Rare,Rare,Rare
BJ-1_UnitCard,Blackjack,BJ-1,UnitType.Mech.Medium,Unit.Usage.Market,1/1/2757,949,Unit.Role.Sniper,,5,3,,Rare,Common,Rare,Rare,VeryCommon,VeryRare,Rare,Uncommon,Uncommon,Rare,Uncommon,Uncommon,Uncommon
BJ-1DC_UnitCard,Blackjack,BJ-1DC,UnitType.Mech.Medium,Unit.Usage.Market,1/1/3024,917,Unit.Role.Brawler,,5,3,,,Uncommon,,,,,,,,,,,Rare
BJ-1X_UnitCard,Blackjack,BJ-1X,UnitType.Mech.Medium,Unit.Usage.Market,1/1/2756,964,Unit.Role.Skirmisher,,5,3,Extinct by 2781,,,,,,,,,,,,,
BJ-3_UnitCard,Blackjack,BJ-3,UnitType.Mech.Medium,Unit.Usage.Market,1/1/3042,1271,Unit.Role.Brawler,,10,4,,,Uncommon,,,,,Rare,Rare,,,Uncommon,Rare,Uncommon
BJ-A_UnitCard,Blackjack,BJ-A,UnitType.Mech.Medium,Unit.Usage.Unique,1/1/3016,1045,Unit.Role.Skirmisher,,15,3,Unique,,,,,,,,,,,,,
BL-7-KNT_UnitCard,Black Knight,BL-7-KNT,UnitType.Mech.Heavy,Unit.Usage.Market,1/1/2809,1443,Unit.Role.Brawler,,44,7,,,VeryRare,VeryRare,VeryRare,,VeryRare,VeryRare,VeryRare,,,,VeryRare,VeryRare
BL-7-KNT-L_UnitCard,Black Knight,BL-7-KNT-L,UnitType.Mech.Heavy,Unit.Usage.Market,1/1/2809,1409,Unit.Role.Brawler,,43,7,,,,,,,VeryRare,,,,,,,
BL-P-KNT_UnitCard,Black Knight,BL-P-KNT,UnitType.Mech.Heavy,Unit.Usage.Unique,1/1/2788,1531,Unit.Role.Brawler,,47,8,Unique,,,,,,,,,,,,,
CTF-1X_UnitCard,Cataphract,CTF-1X,UnitType.Mech.Heavy,Unit.Usage.Market,1/1/3025,1316,Unit.Role.Brawler,,35,6,,,Uncommon,,,Uncommon,,,Rare,,,VeryRare,Rare,Rare
CTF-2X_UnitCard,Cataphract,CTF-2X,UnitType.Mech.Heavy,Unit.Usage.Market,1/1/3027,1344,Unit.Role.Brawler,,37,6,,,Uncommon,,,Uncommon,,,Rare,,,VeryRare,Rare,Rare
CTF-4X_UnitCard,Cataphract,CTF-4X,UnitType.Mech.Heavy,Unit.Usage.Market,1/1/3029,1216,Unit.Role.Sniper,,35,6,,,Rare,,,,,,,,,,,Rare
CTF-IM_UnitCard,Cataphract,CTF-IM,UnitType.Mech.Heavy,Unit.Usage.Unique,1/1/3025,1246,Unit.Role.Brawler,,0,6,Unique,,,,,,,,,,,,,
CPLT-A1_UnitCard,Catapult,CPLT-A1,UnitType.Mech.Heavy,Unit.Usage.Market,1/1/2563,1285,Unit.Role.MissileBoat,,38,6,,,,,,Uncommon,,,,,,Rare,,
CPLT-BB_UnitCard,Catapult,CPLT-BB,UnitType.Mech.Heavy,Unit.Usage.Unique,1/1/3027,1242,Unit.Role.Skirmisher,,36,6,Unique,,,,,,,,,,,,,
CPLT-C1_UnitCard,Catapult,CPLT-C1,UnitType.Mech.Heavy,Unit.Usage.Market,1/1/2561,1399,Unit.Role.MissileBoat,,42,7,,Uncommon,Rare,Rare,Uncommon,VeryCommon,VeryRare,VeryRare,Rare,Rare,Rare,Rare,Uncommon,Rare
CPLT-C4_UnitCard,Catapult,CPLT-C4,UnitType.Mech.Heavy,Unit.Usage.Market,1/1/2565,1358,Unit.Role.MissileBoat,,41,7,,,,,,Uncommon,,,,,VeryRare,Rare,VeryRare,
CPLT-J_UnitCard,Catapult,CPLT-J,UnitType.Mech.Heavy,Unit.Usage.Unique,1/1/3015,1417,Unit.Role.Brawler,,43,7,Unique,,,,,,,,,,,,,
CPLT-K2_UnitCard,Catapult,CPLT-K2,UnitType.Mech.Heavy,Unit.Usage.Market,1/1/2603,1319,Unit.Role.Sniper,,39,7,,,,Uncommon,Uncommon,,,,,,,,,
CN9-A_UnitCard,Centurion,CN9-A,UnitType.Mech.Medium,Unit.Usage.Market,1/1/2801,945,Unit.Role.Brawler,,7,5,,,VeryCommon,VeryRare,VeryRare,Rare,Rare,Rare,Uncommon,Rare,Rare,Uncommon,Uncommon,Common
CN9-AH_UnitCard,Centurion,CN9-AH,UnitType.Mech.Medium,Unit.Usage.Market,1/1/2874,945,Unit.Role.Juggernaut,,12,6,,,Uncommon,VeryRare,VeryRare,Rare,Rare,Rare,Uncommon,Rare,Rare,Rare,Uncommon,Uncommon
CN9-AL_UnitCard,Centurion,CN9-AL,UnitType.Mech.Medium,Unit.Usage.Market,1/1/2915,1057,Unit.Role.Brawler,,9,6,,,Common,VeryRare,VeryRare,Rare,Rare,Rare,Rare,VeryRare,Rare,Rare,Uncommon,Uncommon
CN9-D_UnitCard,Centurion,CN9-D,UnitType.Mech.Medium,Unit.Usage.Market,1/1/3049,1130,Unit.Role.Skirmisher,,10,7,,,Common,VeryRare,,,Rare,Uncommon,Rare,VeryRare,VeryRare,Rare,Rare,Uncommon
CN9-YLW_UnitCard,Centurion,CN9-YLW,UnitType.Mech.Medium,Unit.Usage.Unique,1/1/3027,957,Unit.Role.Juggernaut,,4,4,Unique,,,,,,,,,,,,,
CDA-2A_UnitCard,Cicada,CDA-2A,UnitType.Mech.Medium,Unit.Usage.Market,1/1/2740,559,Unit.Role.Scout,,2,2,,Common,VeryRare,Rare,Rare,VeryCommon,Uncommon,Rare,Rare,Rare,Rare,Uncommon,Uncommon,Rare
CDA-2B_UnitCard,Cicada,CDA-2B,UnitType.Mech.Medium,Unit.Usage.Market,1/1/2840,526,Unit.Role.Scout,,2,2,,,,,,Uncommon,,,,,Uncommon,Rare,Rare,
CDA-3C_UnitCard,Cicada,CDA-3C,UnitType.Mech.Medium,Unit.Usage.Market,1/1/2840,771,Unit.Role.Scout,,3,2,,,,,,Common,,,,Rare,,Rare,,
CDA-3M_UnitCard,Cicada,CDA-3M,UnitType.Mech.Medium,Unit.Usage.Market,1/1/3049,812,Unit.Role.Striker,,15,2,,,VeryRare,VeryRare,Rare,Rare,Uncommon,Rare,Rare,,,Rare,VeryRare,VeryRare
CDA-X5_UnitCard,Cicada,CDA-X5,UnitType.Mech.Medium,Unit.Usage.Unique,1/1/3015,1039,Unit.Role.Striker,,0,3,Unique,,,,,,,,,,,,,
COM-1B_UnitCard,Commando,COM-1B,UnitType.Mech.Light,Unit.Usage.Market,1/1/3015,616,Unit.Role.Striker,,0,2,,,,,,,,Common,,VeryRare,VeryRare,,,Uncommon
COM-1D_UnitCard,Commando,COM-1D,UnitType.Mech.Light,Unit.Usage.Market,1/1/2480,558,Unit.Role.Striker,,0,1,,,,,,,,Common,,,,VeryRare,,Uncommon
COM-2D_UnitCard,Commando,COM-2D,UnitType.Mech.Light,Unit.Usage.Market,1/1/2486,541,Unit.Role.Striker,,0,1,,,,,,,,Common,Common,Common,Common,,Common,Uncommon
COM-3A_UnitCard,Commando,COM-3A,UnitType.Mech.Light,Unit.Usage.Market,1/1/3025,540,Unit.Role.Striker,,0,1,,,,,,,,Common,Uncommon,,,,Uncommon,Uncommon
COM-TDK_UnitCard,Commando,COM-TDK,UnitType.Mech.Light,Unit.Usage.Unique,1/1/3015,784,Unit.Role.Striker,,19,1,Unique,,,,,,,,,,,,,
CRB-20_UnitCard,Crab,CRB-20,UnitType.Mech.Medium,Unit.Usage.Market,1/1/2810,1143,Unit.Role.Skirmisher,,9,5,,,VeryRare,VeryRare,Rare,VeryRare,VeryRare,VeryRare,VeryRare,VeryRare,VeryRare,VeryRare,VeryRare,VeryRare
CRB-27_UnitCard,Crab,CRB-27,UnitType.Mech.Medium,Unit.Usage.Market,1/1/2719,1198,Unit.Role.Skirmisher,,15,5,,VeryCommon,,VeryRare,,,,,,,,,Uncommon,
CRB-27b_UnitCard,Crab,CRB-27b,UnitType.Mech.Medium,Unit.Usage.Market,1/1/2719,1308,Unit.Role.Sniper,,25,5,Extinct in IS by 2900?,Common,,,,,,,,,,,,
CRB-27sl_UnitCard,Crab,CRB-27sl,UnitType.Mech.Medium,Unit.Usage.Market,1/1/3041,1309,Unit.Role.Skirmisher,,25,5,,Common,,,,,,,,,,,,
CRB-FL_UnitCard,Crab,CRB-FL,UnitType.Mech.Medium,Unit.Usage.Unique,1/1/3041,1121,Unit.Role.Skirmisher,,0,6,Unique,,,,,,,,,,,,,
CP-10-Q_UnitCard,Cyclops,CP-10-Q,UnitType.Mech.Assault,Unit.Usage.Market,1/1/2801,1584,Unit.Role.MissileBoat,,49,8,,,Rare,Rare,Uncommon,Rare,VeryRare,Rare,Rare,,,Rare,Rare,Rare
CP-10-Z_UnitCard,Cyclops,CP-10-Z,UnitType.Mech.Assault,Unit.Usage.Market,1/1/2710,1317,Unit.Role.Juggernaut,,49,8,,Uncommon,Rare,Rare,Rare,Uncommon,VeryRare,Rare,Rare,Rare,VeryRare,Rare,Rare,Rare
CP-11-A_UnitCard,Cyclops,CP-11-A,UnitType.Mech.Assault,Unit.Usage.Market,1/1/3045,1547,Unit.Role.Sniper,,48,9,,,Rare,Rare,Uncommon,Rare,VeryRare,Rare,Rare,VeryRare,,Rare,Rare,Rare
CP-S_UnitCard,Cyclops,CP-S,UnitType.Mech.Assault,Unit.Usage.Unique,1/1/3031,2160,Unit.Role.Sniper,,71,10,Unique,,,,,,,,,,,,,
DRG-1C_UnitCard,Dragon,DRG-1C,UnitType.Mech.Heavy,Unit.Usage.Market,1/1/2752,1115,Unit.Role.Skirmisher,,25,4,,,,Common,Common,,,,,,,,,
DRG-1N_UnitCard,Dragon,DRG-1N,UnitType.Mech.Heavy,Unit.Usage.Market,1/1/2754,1025,Unit.Role.Skirmisher,,25,4,,,,VeryCommon,VeryCommon,,,,Uncommon,,VeryRare,,Uncommon,
DRG-5N_UnitCard,Dragon,DRG-5N,UnitType.Mech.Heavy,Unit.Usage.Market,1/1/3047,1123,Unit.Role.Skirmisher,,25,5,,,,VeryCommon,VeryCommon,,,,Uncommon,,,,Uncommon,
DRG-Fang_UnitCard,Dragon,DRG-Fang,UnitType.Mech.Heavy,Unit.Usage.Unique,1/1/3031,1192,Unit.Role.Skirmisher,,0,5,Unique,,,,,,,,,,,,,
DRG-Flame_UnitCard,Dragon,DRG-Flame,UnitType.Mech.Heavy,Unit.Usage.Unique,1/1/3031,1209,Unit.Role.Sniper,,0,5,Unique,,,,,,,,,,,,,
Demolisher_UnitCard,Demolisher,Demolisher,UnitType.Vehicle.Tracked.Tank,,1/1/2803,773,Unit.Role.Juggernaut,,40,3,Tank,Uncommon,Uncommon,Uncommon,Uncommon,Uncommon,Uncommon,Uncommon,Uncommon,Uncommon,Uncommon,Uncommon,Uncommon,Uncommon
ENF-4P_UnitCard,Enforcer,ENF-4P,UnitType.Mech.Medium,Unit.Usage.Market,1/1/2856,1171,Unit.Role.Skirmisher,,12,6,,,,,,,,,,,,,,
ENF-4R_UnitCard,Enforcer,ENF-4R,UnitType.Mech.Medium,Unit.Usage.Market,1/1/2777,1032,Unit.Role.Skirmisher,,9,4,,,VeryCommon,,,,,Rare,Uncommon,VeryRare,,Uncommon,Uncommon,Common
ENF-5P_UnitCard,Enforcer,ENF-5P,UnitType.Mech.Medium,Unit.Usage.Market,1/1/2856,1009,Unit.Role.Skirmisher,,25,5,,,,,,,,,,,,,,
FS9-A_UnitCard,Firestarter,FS9-A,UnitType.Mech.Light,Unit.Usage.Market,1/1/2550,773,Unit.Role.Scout,,4,2,Extinct by 2901,Uncommon,,,,,,,,,,,,
FS9-E_UnitCard,Firestarter,FS9-E,UnitType.Mech.Light,Unit.Usage.Unique,1/1/3015,575,Unit.Role.Scout,,4,2,Unique,,,,,,,,,,,,,
FS9-FS_UnitCard,Firestarter,FS9-FS,UnitType.Mech.Light,Unit.Usage.Unique,1/1/3038,687,Unit.Role.Striker,,4,2,Unique,,,,,,,,,,,,,
FS9-H_UnitCard,Firestarter,FS9-H,UnitType.Mech.Light,Unit.Usage.Market,1/1/2703,694,Unit.Role.Scout,,4,2,,Uncommon,Uncommon,Common,Common,Common,Uncommon,Uncommon,Common,Uncommon,Uncommon,Common,Common,Uncommon
FS9-K_UnitCard,Firestarter,FS9-K,UnitType.Mech.Light,Unit.Usage.Market,1/1/2550,763,Unit.Role.Scout,,4,2,Extinct by 2901,,,,,,,,,,,,,
FLE-15_UnitCard,Flea,FLE-15,UnitType.Mech.Light,Unit.Usage.Market,1/1/2523,430,Unit.Role.Scout,,2,1,,,,,,,Uncommon,,Uncommon,,,,,
FLE-17_UnitCard,Flea,FLE-17,UnitType.Mech.Light,Unit.Usage.Market,1/1/2523,430,Unit.Role.Scout,,2,1,,,,,,,Uncommon,,Uncommon,,,,,
GHR-5H_UnitCard,Grasshopper,GHR-5H,UnitType.Mech.Heavy,Unit.Usage.Market,1/1/2780,1427,Unit.Role.Skirmisher,,43,6,,Uncommon,Uncommon,Uncommon,Uncommon,Uncommon,Uncommon,Uncommon,Uncommon,Uncommon,Uncommon,Uncommon,Uncommon,Uncommon
GHR-5J_UnitCard,Grasshopper,GHR-5J,UnitType.Mech.Heavy,Unit.Usage.Market,1/1/3049,1354,Unit.Role.Skirmisher,,41,6,,,Uncommon,Uncommon,Uncommon,Rare,Rare,Uncommon,Uncommon,Uncommon,Uncommon,Uncommon,Uncommon,Uncommon
GHR-5N_UnitCard,Grasshopper,GHR-5N,UnitType.Mech.Heavy,Unit.Usage.Market,1/1/3040,1511,Unit.Role.Skirmisher,,47,6,,,Uncommon,Uncommon,Uncommon,Rare,Rare,Uncommon,Uncommon,Uncommon,Uncommon,Uncommon,Uncommon,Uncommon
GHR-5P_UnitCard,Grasshopper,GHR-5P,UnitType.Mech.Heavy,Unit.Usage.Market,1/1/2880,1718,Unit.Role.Sniper,,55,7,,,,,,,,,,,,,,
GHR-MJ_UnitCard,Grasshopper,GHR-MJ,UnitType.Mech.Heavy,Unit.Usage.Unique,1/1/3035,2012,Unit.Role.Sniper,,66,8,Unique,,,,,,,,,,,,,
GRF-1E_UnitCard,Griffin,GRF-1E,UnitType.Mech.Medium,Unit.Usage.Unique,1/1/3040,1449,Unit.Role.Skirmisher,,0,5,Unique,,,,,,,,,,,,,
GRF-1N_UnitCard,Griffin,GRF-1N,UnitType.Mech.Medium,Unit.Usage.Market,1/1/2492,1272,Unit.Role.Sniper,,15,3,,Common,Common,Common,Common,Common,Uncommon,VeryCommon,Common,Common,Common,Common,Common,VeryCommon
GRF-1S_UnitCard,Griffin,GRF-1S,UnitType.Mech.Medium,Unit.Usage.Market,1/1/2857,1253,Unit.Role.Skirmisher,,15,4,,,,Common,,,,VeryCommon,Uncommon,VeryRare,,,Common,Common
GRF-3M_UnitCard,Griffin,GRF-3M,UnitType.Mech.Medium,Unit.Usage.Market,1/1/3049,1521,Unit.Role.Sniper,,15,5,,,Common,Common,Common,Uncommon,Uncommon,VeryCommon,Uncommon,,,Common,Uncommon,VeryCommon
GRF-AR_UnitCard,Griffin,GRF-AR,UnitType.Mech.Medium,Unit.Usage.Unique,1/1/3028,1235,Unit.Role.Sniper,,0,4,Unique,,,,,,,,,,,,,
Harasser_LRM10_UnitCard,Harasser_LRM10,Harasser_LRM10,UnitType.Vehicle.Hover,,1/1/2821,206,Unit.Role.MissileBoat,,0,1,Hover,Common,Common,Common,Common,Common,Common,Common,Common,Common,Common,Common,Common,Common
Harasser_ML_x2_UnitCard,Harasser_ML_x2,Harasser_ML_x2,UnitType.Vehicle.Hover,,1/1/2957,161,Unit.Role.Scout,,0,1,Hover,Common,Common,Common,Common,Common,Common,Common,Common,Common,Common,Common,Common,Common
HGN-732_UnitCard,Highlander,HGN-732,UnitType.Mech.Assault,Unit.Usage.Market,1/1/2592,2227,Unit.Role.Sniper,,74,9,,Uncommon,,,,,,,,,,,Rare,
HGN-732b_UnitCard,Highlander,HGN-732b,UnitType.Mech.Assault,Unit.Usage.Market,1/1/2598,2335,Unit.Role.MissileBoat,,78,9,Extinct in IS by 2901?,Rare,,,,,,,,,,,,
HGN-733_UnitCard,Highlander,HGN-733,UnitType.Mech.Assault,Unit.Usage.Market,1/1/2866,1801,Unit.Role.Juggernaut,,58,9,,,,,VeryRare,Rare,,Rare,,,,Rare,,Rare
HGN-733C_UnitCard,Highlander,HGN-733C,UnitType.Mech.Assault,Unit.Usage.Market,1/1/2866,1857,Unit.Role.Juggernaut,,60,9,,,,,,Rare,,Rare,,,,Rare,,Rare
HGN-733P_UnitCard,Highlander,HGN-733P,UnitType.Mech.Assault,Unit.Usage.Market,1/1/2866,1865,Unit.Role.Sniper,,60,9,,,,,,Rare,,Rare,,,,Rare,,Rare
HGN-HM_UnitCard,Highlander,HGN-HM,UnitType.Mech.Assault,Unit.Usage.Unique,1/1/3017,2065,Unit.Role.Sniper,,68,9,Unique,,,,,,,,,,,,,
HBK-4G_UnitCard,Hunchback,HBK-4G,UnitType.Mech.Medium,Unit.Usage.Market,1/1/2572,1041,Unit.Role.Juggernaut,,7,4,,Common,Uncommon,Uncommon,Uncommon,VeryCommon,VeryCommon,Uncommon,Common,Uncommon,Uncommon,Common,Common,Uncommon
HBK-4H_UnitCard,Hunchback,HBK-4H,UnitType.Mech.Medium,Unit.Usage.Market,1/1/2819,1067,Unit.Role.Juggernaut,,11,4,,,Rare,Rare,Rare,Uncommon,Common,Uncommon,Common,Uncommon,Uncommon,Rare,Rare,Uncommon
HBK-4J_UnitCard,Hunchback,HBK-4J,UnitType.Mech.Medium,Unit.Usage.Market,1/1/2856,1143,Unit.Role.MissileBoat,,18,5,,,Uncommon,Rare,Rare,Rare,Common,Rare,Common,Rare,VeryRare,VeryRare,VeryRare,Rare
HBK-4P_UnitCard,Hunchback,HBK-4P,UnitType.Mech.Medium,Unit.Usage.Market,1/1/2937,1138,Unit.Role.Juggernaut,,11,5,,,Rare,Rare,Rare,Uncommon,Common,Uncommon,Common,VeryRare,Uncommon,Common,Common,Uncommon
HBK-4SP_UnitCard,Hunchback,HBK-4SP,UnitType.Mech.Medium,Unit.Usage.Market,1/1/3025,1043,Unit.Role.Juggernaut,,9,3,,,Rare,Rare,Rare,Common,Common,Rare,Common,Uncommon,Rare,Rare,Common,Rare
HBK-GI_UnitCard,Hunchback,HBK-GI,UnitType.Mech.Medium,Unit.Usage.Unique,1/1/3015,1268,Unit.Role.Sniper,,0,3,Unique,,,,,,,,,,,,,
JM6-A_UnitCard,JagerMech,JM6-A,UnitType.Mech.Heavy,Unit.Usage.Market,1/1/2778,1122,Unit.Role.MissileBoat,,32,5,,,Uncommon,,,,,,,,,,,Rare
JM6-DD_UnitCard,JagerMech,JM6-DD,UnitType.Mech.Heavy,Unit.Usage.Market,1/1/3049,965,Unit.Role.Sniper,,26,6,,,Common,VeryRare,VeryRare,,,Rare,Rare,Rare,,,Rare,Uncommon
JM6-FB_UnitCard,JagerMech,JM6-FB,UnitType.Mech.Heavy,Unit.Usage.Unique,1/1/3015,1269,Unit.Role.Sniper,,37,6,Unique,,,,,,,,,,,,,
JM6-S_UnitCard,JagerMech,JM6-S,UnitType.Mech.Heavy,Unit.Usage.Market,1/1/2774,901,Unit.Role.Sniper,,23,4,,Rare,VeryCommon,VeryRare,,Uncommon,,,Uncommon,,,Uncommon,Rare,Common
JVN-10F_UnitCard,Javelin,JVN-10F,UnitType.Mech.Light,Unit.Usage.Market,1/1/2819,835,Unit.Role.Striker,,3,2,,,Common,Rare,Uncommon,Uncommon,Rare,Rare,Uncommon,Uncommon,Uncommon,Uncommon,Uncommon,Uncommon
JVN-10N_UnitCard,Javelin,JVN-10N,UnitType.Mech.Light,Unit.Usage.Market,1/1/2751,594,Unit.Role.Striker,,2,2,,Common,Common,Rare,Uncommon,Uncommon,Rare,Rare,Uncommon,Uncommon,Uncommon,Uncommon,Uncommon,Uncommon
JVN-10P_UnitCard,Javelin,JVN-10P,UnitType.Mech.Light,Unit.Usage.Market,1/1/3049,590,Unit.Role.Striker,,15,2,,,Common,,,,,VeryRare,Uncommon,,,,Uncommon,Uncommon
JVN-HT_UnitCard,Javelin,JVN-HT,UnitType.Mech.Light,Unit.Usage.Unique,1/1/3015,886,Unit.Role.Striker,,0,2,Unique,,,,,,,,,,,,,
JR7-D_UnitCard,Jenner,JR7-D,UnitType.Mech.Light,Unit.Usage.Market,1/1/2785,675,Unit.Role.Striker,,3,3,,,Rare,VeryCommon,VeryCommon,Rare,Rare,Rare,Uncommon,Rare,Rare,Uncommon,Uncommon,Rare
JR7-F_UnitCard,Jenner,JR7-F,UnitType.Mech.Light,Unit.Usage.Market,1/1/2784,811,Unit.Role.Striker,,6,3,,,,,Common,,,,,,,,,
JR7-K_UnitCard,Jenner,JR7-K,UnitType.Mech.Light,Unit.Usage.Market,1/1/3047,689,Unit.Role.Striker,,15,3,,,,Common,Common,,,,Uncommon,Rare,,,Uncommon,
JR7-O_UnitCard,Jenner,JR7-O,UnitType.Mech.Light,Unit.Usage.Unique,1/1/3015,603,Unit.Role.MissileBoat,,12,3,Unique,,,,,,,,,,,,,
KGC-000_UnitCard,King Crab,KGC-000,UnitType.Mech.Assault,Unit.Usage.Market,1/1/2743,1906,Unit.Role.Juggernaut,,70,10,,Uncommon,,VeryRare,,,,,,,,,Rare,
KGC-0000_UnitCard,King Crab,KGC-0000,UnitType.Mech.Assault,Unit.Usage.Market,1/1/2815,1810,Unit.Role.Juggernaut,,70,10,,VeryRare,VeryRare,VeryRare,VeryRare,VeryRare,VeryRare,VeryRare,,,,,,VeryRare
KGC-000b_UnitCard,King Crab,KGC-000b,UnitType.Mech.Assault,Unit.Usage.Unique,1/1/2743,2039,Unit.Role.Juggernaut,,70,10,Extinct in IS by 2781?,VeryRare,,VeryRare,,,,,,,,,Rare,
KGC-KJ_UnitCard,King Crab,KGC-KJ,UnitType.Mech.Assault,Unit.Usage.Unique,1/1/3032,2117,Unit.Role.Juggernaut,,70,10,Unique,,,,,,,,,,,,,
KTO-18_UnitCard,Kintaro,KTO-18,UnitType.Mech.Medium,Unit.Usage.Market,1/1/2792,1187,Unit.Role.Skirmisher,,20,5,,,Uncommon,,Rare,,,,,,,,,Rare
KTO-19_UnitCard,Kintaro,KTO-19,UnitType.Mech.Medium,Unit.Usage.Market,1/1/2587,1160,Unit.Role.Skirmisher,,20,5,,Uncommon,,,VeryRare,,,,,,,,Rare,
KTO-20_UnitCard,Kintaro,KTO-20,UnitType.Mech.Medium,Unit.Usage.Market,1/1/3035,1357,Unit.Role.Skirmisher,,20,6,,Uncommon,,,Common,,,,,,,,Rare,
KTO-GB_UnitCard,Kintaro,KTO-GB,UnitType.Mech.Medium,Unit.Usage.Unique,1/1/3015,1133,Unit.Role.Brawler,,0,6,Unique,,,,,,,,,,,,,
LCT-1E_UnitCard,Locust,LCT-1E,UnitType.Mech.Light,Unit.Usage.Market,1/1/2811,553,Unit.Role.Scout,,4,1,,,Uncommon,Uncommon,Uncommon,VeryCommon,Uncommon,Uncommon,Uncommon,Uncommon,Uncommon,Uncommon,Uncommon,Uncommon
LCT-1M_UnitCard,Locust,LCT-1M,UnitType.Mech.Light,Unit.Usage.Market,1/1/2571,424,Unit.Role.MissileBoat,,0,1,,,Common,,,,,,,,,,,Uncommon
LCT-1V_UnitCard,Locust,LCT-1V,UnitType.Mech.Light,Unit.Usage.Market,1/1/2499,432,Unit.Role.Scout,,0,1,,Common,Common,Common,Uncommon,Common,Common,Common,Common,Common,Common,Common,VeryCommon,Common
LCT-3S_UnitCard,Locust,LCT-3S,UnitType.Mech.Light,Unit.Usage.Market,1/1/3049,483,Unit.Role.Striker,,0,1,,,Rare,Rare,,,,Rare,Rare,,,,Rare,Rare
LCT-3V_UnitCard,Locust,LCT-3V,UnitType.Mech.Light,Unit.Usage.Market,1/1/3004,490,Unit.Role.Scout,,3,1,,,Rare,Rare,Rare,Rare,Rare,Rare,Rare,Rare,Rare,Rare,Rare,Rare
MAD-3R_UnitCard,Marauder,MAD-3R,UnitType.Mech.Heavy,Unit.Usage.Market,1/1/2819,1363,Unit.Role.Sniper,,44,7,,,Uncommon,Rare,Rare,Rare,Rare,Uncommon,Uncommon,Rare,Uncommon,Uncommon,Uncommon,Uncommon
MAD-5D_UnitCard,Marauder,MAD-5D,UnitType.Mech.Heavy,Unit.Usage.Market,1/1/3047,1787,Unit.Role.Skirmisher,,50,7,,,Uncommon,Rare,,,,Uncommon,Uncommon,,,,Uncommon,Uncommon
MAD-BH2_UnitCard,Marauder,MAD-BH2,UnitType.Mech.Heavy,Unit.Usage.Unique,1/1/3044,2103,Unit.Role.Sniper,,60,8,Unique,,,,,,,,,,,,,
MAL-1P_UnitCard,Mauler,MAL-1P,UnitType.Mech.Assault,Unit.Usage.Market,1/1/3041,1348,Unit.Role.Sniper,,40,9,,,,,,,,,,,,,,
MAL-1R_UnitCard,Mauler,MAL-1R,UnitType.Mech.Assault,Unit.Usage.Market,1/1/3048,1586,Unit.Role.Sniper,,49,9,,,,VeryRare,Uncommon,,,,,,,,,
MAL-2P_UnitCard,Mauler,MAL-2P,UnitType.Mech.Assault,Unit.Usage.Market,1/1/3041,1792,Unit.Role.Juggernaut,,57,9,,,,,,,,,,,,,,
MAL-KO_UnitCard,Mauler,MAL-KO,UnitType.Mech.Assault,Unit.Usage.Unique,1/1/3045,1702,Unit.Role.Sniper,,54,10,Unique,,,,,,,,,,,,,
MAL-MX90_UnitCard,Mauler,MAL-MX90,UnitType.Mech.Assault,Unit.Usage.Market,1/1/3038,1290,Unit.Role.Sniper,,38,9,,,,,VeryRare,,,,,,,,,
MissileCarrier_LRM20_UnitCard,MissileCarrier_LRM20,MissileCarrier_LRM20,UnitType.Vehicle.Tracked.Tank,,1/1/2407,278,Unit.Role.MissileBoat,,0,3,Tank,Common,Common,Common,Common,Common,Common,Common,Common,Common,Common,Common,Common,Common
MissileCarrier_LRM40_UnitCard,MissileCarrier_LRM40,MissileCarrier_LRM40,UnitType.Vehicle.Tracked.Tank,,1/1/2407,555,Unit.Role.MissileBoat,,0,3,Tank,Common,Common,Common,Common,Common,Common,Common,Common,Common,Common,Common,Common,Common
MissileCarrier_LRM60_UnitCard,MissileCarrier_LRM60,MissileCarrier_LRM60,UnitType.Vehicle.Tracked.Tank,,1/1/2407,733,Unit.Role.MissileBoat,,0,3,Tank,Uncommon,Uncommon,Uncommon,Uncommon,Uncommon,Uncommon,Uncommon,Uncommon,Uncommon,Uncommon,Uncommon,Uncommon,Uncommon
MissileCarrier_SRM20_UnitCard,MissileCarrier_SRM20,MissileCarrier_SRM20,UnitType.Vehicle.Tracked.Tank,,1/1/2407,272,Unit.Role.Striker,,0,3,Tank,Common,Common,Common,Common,Common,Common,Common,Common,Common,Common,Common,Common,Common
MissileCarrier_SRM40_UnitCard,MissileCarrier_SRM40,MissileCarrier_SRM40,UnitType.Vehicle.Tracked.Tank,,1/1/2407,544,Unit.Role.Striker,,0,3,Tank,Common,Common,Common,Common,Common,Common,Common,Common,Common,Common,Common,Common,Common
MissileCarrier_SRM60_UnitCard,MissileCarrier_SRM60,MissileCarrier_SRM60,UnitType.Vehicle.Tracked.Tank,,1/1/2407,716,Unit.Role.Striker,,0,3,Tank,Uncommon,Uncommon,Uncommon,Uncommon`,Uncommon,Uncommon,Uncommon,Uncommon,Uncommon,Uncommon,Uncommon,Uncommon,Uncommon
Manticore_UnitCard,Manticore,Manticore,UnitType.Vehicle.Tracked.Tank,,1/1/2668,425,Unit.Role.Brawler,,10,3,Tank,Common,Common,Common,Common,Common,Common,Common,Common,Common,Common,Common,Common,Common
NSR-9J_UnitCard,Nightstar,NSR-9J,UnitType.Mech.Assault,Unit.Usage.Market,1/1/3049,2399,Unit.Role.Juggernaut,,80,10,,Rare,,,,,,,,,,,,
NSR-9P_UnitCard,Nightstar,NSR-9P,UnitType.Mech.Assault,Unit.Usage.Market,1/1/3039,2399,Unit.Role.Juggernaut,,80,10,,Rare,,,,,,,,,,,,
NSR-WP_UnitCard,Nightstar,NSR-WP,UnitType.Mech.Assault,Unit.Usage.Unique,1/1/3039,2399,Unit.Role.Brawler,,80,10,Unique,,,,,,,,,,,,,
ON1-K_UnitCard,Orion,ON1-K,UnitType.Mech.Heavy,Unit.Usage.Market,1/1/2525,1429,Unit.Role.Brawler,,44,10,,Uncommon,Uncommon,Rare,Uncommon,Uncommon,VeryCommon,Uncommon,Uncommon,Uncommon,Uncommon,Uncommon,Uncommon,Uncommon
ON1-M_UnitCard,Orion,ON1-M,UnitType.Mech.Heavy,Unit.Usage.Market,1/1/3049,1414,Unit.Role.Brawler,,43,7,,,Rare,Rare,Rare,Rare,Common,Uncommon,Rare,Rare,Rare,Uncommon,Rare,Uncommon
ON1-P_UnitCard,Orion,ON1-P,UnitType.Mech.Heavy,Unit.Usage.Unique,1/1/2750,1786,Unit.Role.Brawler,,0,7,Unique,,,,,,,,,,,,,
ON1-V_UnitCard,Orion,ON1-V,UnitType.Mech.Heavy,Unit.Usage.Market,1/1/2799,1298,Unit.Role.Brawler,,39,7,,,Rare,VeryRare,Rare,Rare,Uncommon,Rare,Rare,Rare,,Rare,Rare,Rare
ON1-VA_UnitCard,Orion,ON1-VA,UnitType.Mech.Heavy,Unit.Usage.Market,1/1/2901,1328,Unit.Role.Juggernaut,,40,7,,,Rare,VeryRare,Rare,Rare,Uncommon,Rare,Rare,,,VeryRare,Rare,Rare
PNT-10P_UnitCard,Panther,PNT-10P,UnitType.Mech.Light,Unit.Usage.Market,1/1/3010,592,Unit.Role.Striker,,5,2,Original,,,,,,,,,,,,,
PNT-8Z_UnitCard,Panther,PNT-8Z,UnitType.Mech.Light,Unit.Usage.Market,1/1/2739,741,Unit.Role.Brawler,,3,2,Extinct in IS by 2901?,Uncommon,,,,,,,,,,,,
PNT-9R_UnitCard,Panther,PNT-9R,UnitType.Mech.Light,Unit.Usage.Market,1/1/2759,769,Unit.Role.Brawler,,3,2,,,Rare,VeryCommon,VeryCommon,Rare,,Rare,Uncommon,Rare,Rare,Rare,Uncommon,Rare
PNT-KK_UnitCard,Panther,PNT-KK,UnitType.Mech.Light,Unit.Usage.Unique,1/1/3022,958,Unit.Role.Sniper,,0,2,Unique,,,,,,,,,,,,,
PXH-1_UnitCard,Phoenix Hawk,PXH-1,UnitType.Mech.Medium,Unit.Usage.Market,1/1/2568,1041,Unit.Role.Skirmisher,,5,3,,VeryCommon,VeryCommon,VeryCommon,VeryCommon,VeryCommon,VeryCommon,VeryCommon,VeryCommon,VeryCommon,VeryCommon,VeryCommon,VeryCommon,VeryCommon
PXH-1K_UnitCard,Phoenix Hawk,PXH-1K,UnitType.Mech.Medium,Unit.Usage.Market,1/1/2603,1073,Unit.Role.Skirmisher,,5,3,,,,Common,VeryCommon,,,,,,,,,
PXH-KK_UnitCard,Phoenix Hawk,PXH-KK,UnitType.Mech.Medium,Unit.Usage.Unique,1/1/3041,1333,Unit.Role.Skirmisher,,0,5,Unique,,,,,,,,,,,,,
Partisan_UnitCard,Partisan,Partisan,UnitType.Vehicle.Tracked.Tank,,1/1/2791,506,Unit.Role.Sniper,,20,2,Tank,Common,Common,Common,Common,Common,Common,Common,Common,Common,Common,Common,Common,Common
Partisan_AC2_x5_MG_x2_UnitCard,Partisan,Partisan_AC2_x5_MG_x2,UnitType.Vehicle.Tracked.Tank,,1/1/3002,435,Unit.Role.Sniper,,20,2,Tank,Common,Common,Common,Common,Common,Common,Common,Common,Common,Common,Common,Common,Common
Patton_UnitCard,Patton,Patton,UnitType.Vehicle.Tracked.Tank,,1/1/3027,481,Unit.Role.Brawler,,5,2,Tank,Common,Common,Common,Common,Common,Common,Common,Common,Common,Common,Common,Common,Common
QKD-4G_UnitCard,Quickdraw,QKD-4G,UnitType.Mech.Heavy,Unit.Usage.Market,1/1/2779,1192,Unit.Role.Skirmisher,,25,5,,Rare,Rare,Uncommon,Common,Rare,Uncommon,Uncommon,Uncommon,VeryCommon,Common,Uncommon,Uncommon,Uncommon
QKD-4H_UnitCard,Quickdraw,QKD-4H,UnitType.Mech.Heavy,Unit.Usage.Market,1/1/2847,1242,Unit.Role.Skirmisher,,25,5,,,Rare,Uncommon,Common,Rare,Uncommon,Uncommon,Uncommon,VeryCommon,Common,Uncommon,Uncommon,Uncommon
QKD-5K_UnitCard,Quickdraw,QKD-5K,UnitType.Mech.Heavy,Unit.Usage.Market,1/1/3049,1265,Unit.Role.Skirmisher,,25,5,,,,Uncommon,Uncommon,,,,Rare,,,,Rare,
QKD-IV4_UnitCard,Quickdraw,QKD-IV4,UnitType.Mech.Heavy,Unit.Usage.Unique,1/1/3015,1089,Unit.Role.Brawler,,31,6,Unique,,,,,,,,,,,,,
RVN-2X_UnitCard,Raven,RVN-2X,UnitType.Mech.Light,Unit.Usage.Market,1/1/3030,887,Unit.Role.Striker,,5,3,,,Rare,,,,,,,,,,,Rare
RVN-4X_UnitCard,Raven,RVN-4X,UnitType.Mech.Light,Unit.Usage.Market,1/1/3031,820,Unit.Role.Striker,,5,3,,,,,,Rare,,,,,,,,
RVN-H_UnitCard,Raven,RVN-H,UnitType.Mech.Light,Unit.Usage.Unique,1/1/3034,718,Unit.Role.Striker,,16,3,Unique,,,,,,,,,,,,,
RFL-3C_UnitCard,Rifleman,RFL-3C,UnitType.Mech.Heavy,Unit.Usage.Market,1/1/3026,1066,Unit.Role.Brawler,,30,5,,,Common,,,,,,,,,,,Uncommon
RFL-3N_UnitCard,Rifleman,RFL-3N,UnitType.Mech.Heavy,Unit.Usage.Market,1/1/2770,1039,Unit.Role.Sniper,,25,5,,VeryCommon,VeryCommon,Common,Common,VeryCommon,Common,VeryCommon,Common,VeryCommon,Common,Common,Common,VeryCommon
RFL-DB_UnitCard,Rifleman,RFL-DB,UnitType.Mech.Heavy,Unit.Usage.Unique,1/1/3028,1039,Unit.Role.Sniper,,0,6,Unique,,,,,,,,,,,,,
RFL-LK_UnitCard,Rifleman,RFL-LK,UnitType.Mech.Heavy,Unit.Usage.Unique,1/1/3028,1296,Unit.Role.Brawler,,0,8,Unique,,,,,,,,,,,,,
SHD-2D_UnitCard,Shadow Hawk,SHD-2D,UnitType.Mech.Medium,Unit.Usage.Market,1/1/2796,899,Unit.Role.Striker,,15,3,,,Common,,,,,,,,,,,Uncommon
SHD-2D2_UnitCard,Shadow Hawk,SHD-2D2,UnitType.Mech.Medium,Unit.Usage.Market,1/1/3049,1049,Unit.Role.Brawler,,15,3,,,Common,,,,,Common,,,,,,Common
SHD-2H_UnitCard,Shadow Hawk,SHD-2H,UnitType.Mech.Medium,Unit.Usage.Market,1/1/2550,1064,Unit.Role.Skirmisher,,11,4,,VeryCommon,VeryCommon,Common,VeryCommon,VeryCommon,Common,VeryCommon,VeryCommon,VeryCommon,VeryCommon,VeryCommon,VeryCommon,VeryCommon
SHD-2K_UnitCard,Shadow Hawk,SHD-2K,UnitType.Mech.Medium,Unit.Usage.Market,1/1/2803,1147,Unit.Role.Sniper,,15,5,,,,Common,VeryCommon,,,,Common,,,,Common,
SHD-5M_UnitCard,Shadow Hawk,SHD-5M,UnitType.Mech.Medium,Unit.Usage.Market,1/1/3048,1430,Unit.Role.MissileBoat,,44,6,,,Common,Uncommon,Uncommon,Uncommon,Uncommon,Common,Uncommon,,,Uncommon,Uncommon,Common
SHD-GD_UnitCard,Shadow Hawk,SHD-GD,UnitType.Mech.Medium,Unit.Usage.Unique,1/1/3026,1354,Unit.Role.Skirmisher,,0,6,Unique,,,,,,,,,,,,,
SHD-Player_UnitCard,Shadow Hawk,SHD-Player,UnitType.Mech.Medium,Unit.Usage.Market,,,,,,,Tutorial?,,,,,,,,,,,,,
SDR-5D_UnitCard,Spider,SDR-5D,UnitType.Mech.Light,Unit.Usage.Market,1/1/2853,450,Unit.Role.Scout,,0,1,,,Uncommon,,Rare,,,,Uncommon,,Uncommon,,,Rare
SDR-5K_UnitCard,Spider,SDR-5K,UnitType.Mech.Light,Unit.Usage.Market,1/1/2850,503,Unit.Role.Scout,,0,1,,,,Uncommon,Uncommon,,,,Uncommon,Uncommon,Uncommon,,,
SDR-5V_UnitCard,Spider,SDR-5V,UnitType.Mech.Light,Unit.Usage.Market,1/1/2650,522,Unit.Role.Scout,,0,2,,Uncommon,Uncommon,Uncommon,VeryCommon,Uncommon,VeryCommon,Rare,Common,Common,Common,VeryCommon,Uncommon,Uncommon
SDR-A_UnitCard,Spider,SDR-A,UnitType.Mech.Light,Unit.Usage.Unique,1/1/3015,776,Unit.Role.Scout,,0,1,Unique,,,,,,,,,,,,,
STK-3F_UnitCard,Stalker,STK-3F,UnitType.Mech.Assault,Unit.Usage.Market,1/1/2594,1559,Unit.Role.Juggernaut,,60,8,,Rare,Uncommon,Uncommon,Uncommon,Uncommon,Common,Common,Uncommon,Uncommon,Uncommon,Uncommon,Uncommon,Uncommon
STK-3H_UnitCard,Stalker,STK-3H,UnitType.Mech.Assault,Unit.Usage.Market,1/1/2638,1624,Unit.Role.MissileBoat,,60,8,,VeryRare,Rare,Rare,Rare,Rare,Uncommon,Rare,Rare,Rare,Rare,Rare,Rare,Rare
STK-4N_UnitCard,Stalker,STK-4N,UnitType.Mech.Assault,Unit.Usage.Market,1/1/2876,1558,Unit.Role.Juggernaut,,60,8,,,Rare,Rare,Rare,Rare,Uncommon,Rare,Rare,Rare,Rare,Rare,Rare,Rare
STK-M_UnitCard,Stalker,STK-M,UnitType.Mech.Assault,Unit.Usage.Unique,1/1/3041,1850,Unit.Role.Sniper,,0,9,Unique,,,,,,,,,,,,,
Scorpion_UnitCard,Scorpion,Scorpion,UnitType.Vehicle.Tracked.Tank,,1/1/2807,153,Unit.Role.Brawler,,0,1,Tank,Common,Common,Common,Common,Common,Common,Common,Common,Common,Common,Common,Common,Common
Scorpion_ML_x2_MG_UnitCard,Scorpion,Scorpion_ML_x2_MG,UnitType.Vehicle.Tracked.Tank,,1/1/2875,160,Unit.Role.Juggernaut,,0,1,Tank,Common,Common,Common,Common,Common,Common,Common,Common,Common,Common,Common,Common,Common
TDR-5S_UnitCard,Thunderbolt,TDR-5S,UnitType.Mech.Heavy,Unit.Usage.Market,1/1/2505,1335,Unit.Role.Brawler,,40,6,,Common,Common,Common,Common,VeryCommon,VeryCommon,VeryCommon,Common,Common,Common,Common,Common,Common
TDR-5S-T_UnitCard,Thunderbolt,TDR-5S-T,UnitType.Mech.Heavy,Unit.Usage.Unique,1/1/3025,1447,Unit.Role.Brawler,,44,7,Unique,,,,,,,,,,,,,
TDR-5SS_UnitCard,Thunderbolt,TDR-5SS,UnitType.Mech.Heavy,Unit.Usage.Market,1/1/2930,1337,Unit.Role.Brawler,,40,6,,,,,,,,Common,Uncommon,,,,,Uncommon
TDR-9SE_UnitCard,Thunderbolt,TDR-9SE,UnitType.Mech.Heavy,Unit.Usage.Market,1/1/3049,1439,Unit.Role.Skirmisher,,44,6,,,Uncommon,,,,,Common,Rare,,,,Rare,Uncommon
TBT-3C_UnitCard,Trebuchet,TBT-3C,UnitType.Mech.Medium,Unit.Usage.Market,1/1/2780,1342,Unit.Role.MissileBoat,,20,4,,Common,,,,,,,,,,,Uncommon,
TBT-5J_UnitCard,Trebuchet,TBT-5J,UnitType.Mech.Medium,Unit.Usage.Market,1/1/2850,1191,Unit.Role.Skirmisher,,20,4,,,,,,,Common,,,,,,,
TBT-5N_UnitCard,Trebuchet,TBT-5N,UnitType.Mech.Medium,Unit.Usage.Market,1/1/2799,1191,Unit.Role.MissileBoat,,20,4,,,Rare,Uncommon,Uncommon,Uncommon,VeryCommon,Uncommon,Uncommon,Uncommon,Uncommon,Uncommon,Uncommon,Uncommon
TBT-7K_UnitCard,Trebuchet,TBT-7K,UnitType.Mech.Medium,Unit.Usage.Market,1/1/3025,996,Unit.Role.Sniper,,20,3,,,,Uncommon,Uncommon,,,,,,,,,
TBT-7M_UnitCard,Trebuchet,TBT-7M,UnitType.Mech.Medium,Unit.Usage.Market,1/1/3048,1348,Unit.Role.MissileBoat,,20,4,,,Rare,Uncommon,Uncommon,Uncommon,VeryCommon,Uncommon,Rare,Uncommon,,,Rare,Rare
Tank_Jedgar_UnitCard,Tank_Jedgar,Tank_Jedgar,UnitType.Vehicle.Hover,,1/1/2722,272,Unit.Role.Scout,,0,1,Hover,Common,Common,Common,Common,Common,Common,Common,Common,Common,Common,Common,Common,Common
Tank_Jedgar_Flamer_UnitCard,Tank_Jedgar_Flamer,Tank_Jedgar_Flamer,UnitType.Vehicle.Hover,,1/1/2793,230,Unit.Role.Scout,,0,1,Hover,Common,Common,Common,Common,Common,Common,Common,Common,Common,Common,Common,Common,Common
Tank_Jedgar_MachineGun_UnitCard,Tank_Jedgar_MachineGun,Tank_Jedgar_MachineGun,UnitType.Vehicle.Hover,,1/1/2794,241,Unit.Role.Scout,,0,1,Hover,Common,Common,Common,Common,Common,Common,Common,Common,Common,Common,Common,Common,Common
Turret_AC2_1x0_UnitCard,Turret_AC2_1x0,Turret_AC2_1x0,UnitType.Turret,,1/1/2700,83,Unit.Role.Emplacement.LongRange,,0,1,Turret,Common,Common,Common,Common,Common,Common,Common,Common,Common,Common,Common,Common,Common
Turret_AC2_1x1_UnitCard,Turret_AC2_1x1,Turret_AC2_1x1,UnitType.Turret,,1/1/2700,165,Unit.Role.Emplacement.LongRange,,7,1,Turret,Common,Common,Common,Common,Common,Common,Common,Common,Common,Common,Common,Common,Common
Turret_AC2_2x2_UnitCard,Turret_AC2_2x2,Turret_AC2_2x2,UnitType.Turret,,1/1/2700,330,Unit.Role.Emplacement.LongRange,,15,1,Turret,Uncommon,Uncommon,Uncommon,Uncommon,Uncommon,Uncommon,Uncommon,Uncommon,Uncommon,Uncommon,Uncommon,Uncommon,Uncommon
Turret_LargeLaser_1x1_UnitCard,Turret_LargeLaser_1x1,Turret_LargeLaser_1x1,UnitType.Turret,,1/1/2700,369,Unit.Role.Emplacement.LongRange,,15,1,Turret,Uncommon,Uncommon,Uncommon,Uncommon,Uncommon,Uncommon,Uncommon,Uncommon,Uncommon,Uncommon,Uncommon,Uncommon,Uncommon
Turret_MediumLaser_1x0_UnitCard,Turret_MediumLaser_1x0,Turret_MediumLaser_1x0,UnitType.Turret,,1/1/2700,90,Unit.Role.Emplacement.MediumRange,,0,1,Turret,Common,Common,Common,Common,Common,Common,Common,Common,Common,Common,Common,Common,Common
Turret_MediumLaser_1x1_UnitCard,Turret_MediumLaser_1x1,Turret_MediumLaser_1x1,UnitType.Turret,,1/1/2700,180,Unit.Role.Emplacement.MediumRange,,5,1,Turret,Common,Common,Common,Common,Common,Common,Common,Common,Common,Common,Common,Common,Common
Turret_MediumLaser_2x2_UnitCard,Turret_MediumLaser_2x2,Turret_MediumLaser_2x2,UnitType.Turret,,1/1/2700,360,Unit.Role.Emplacement.MediumRange,,10,1,Turret,Common,Common,Common,Common,Common,Common,Common,Common,Common,Common,Common,Common,Common
Turret_SRM2_1x0_UnitCard,Turret_SRM2_1x0,Turret_SRM2_1x0,UnitType.Turret,,1/1/2700,72,Unit.Role.Emplacement.ShortRange,,0,1,Turret,Common,Common,Common,Common,Common,Common,Common,Common,Common,Common,Common,Common,Common
Turret_SRM2_1x1_UnitCard,Turret_SRM2_1x1,Turret_SRM2_1x1,UnitType.Turret,,1/1/2700,144,Unit.Role.Emplacement.ShortRange,,4,1,Turret,Common,Common,Common,Common,Common,Common,Common,Common,Common,Common,Common,Common,Common
Turret_SRM6_1x1_UnitCard,Turret_SRM6_1x1,Turret_SRM6_1x1,UnitType.Turret,,1/1/2700,432,Unit.Role.Emplacement.ShortRange,,7,1,Turret,Common,Common,Common,Common,Common,Common,Common,Common,Common,Common,Common,Common,Common
Turret_SmallLaser_1x0_UnitCard,Turret_SmallLaser_1x0,Turret_SmallLaser_1x0,UnitType.Turret,,1/1/2700,22.5,Unit.Role.Emplacement.ShortRange,,0,1,Turret,Common,Common,Common,Common,Common,Common,Common,Common,Common,Common,Common,Common,Common
Turret_SmallLaser_1x1_UnitCard,Turret_SmallLaser_1x1,Turret_SmallLaser_1x1,UnitType.Turret,,1/1/2700,45,Unit.Role.Emplacement.ShortRange,,0,1,Turret,Common,Common,Common,Common,Common,Common,Common,Common,Common,Common,Common,Common,Common
Turret_SmallLaser_2x2_UnitCard,Turret_SmallLaser_2x2,Turret_SmallLaser_2x2,UnitType.Turret,,1/1/2700,90,Unit.Role.Emplacement.ShortRange,,5,1,Turret,Common,Common,Common,Common,Common,Common,Common,Common,Common,Common,Common,Common,Common
Tutorial_Combat_LCT-1V_UnitCard,Tutorial_Combat_LCT-1V,Tutorial_Combat_LCT-1V,UnitType.Mech.Light,Unit.Usage.Market,,,,,,,Tutorial,,,,,,,,,,,,,
Tutorial_Legs_LCT-1V_UnitCard,Tutorial_Legs_LCT-1V,Tutorial_Legs_LCT-1V,UnitType.Mech.Light,Unit.Usage.Market,,,,,,,Tutorial,,,,,,,,,,,,,
Tutorial_Torso_LCT-1V_UnitCard,Tutorial_Torso_LCT-1V,Tutorial_Torso_LCT-1V,UnitType.Mech.Light,Unit.Usage.Market,,,,,,,Tutorial,,,,,,,,,,,,,
UM-K9_UnitCard,UrbanMech,UM-K9,UnitType.Mech.Light,Unit.Usage.Unique,1/1/3015,610,Unit.Role.Sniper,,12,2,Unique,,,,,,,,,,,,,
UM-R60_UnitCard,UrbanMech,UM-R60,UnitType.Mech.Light,Unit.Usage.Market,1/1/2675,504,Unit.Role.Ambusher,,0,1,,Uncommon,Uncommon,Common,VeryCommon,VeryCommon,Uncommon,Uncommon,Common,VeryCommon,VeryCommon,Uncommon,Common,Uncommon
UM-R60L_UnitCard,UrbanMech,UM-R60L,UnitType.Mech.Light,Unit.Usage.Market,1/1/2925,470,Unit.Role.Ambusher,,0,1,,,,,,Common,,,,,,Uncommon,,
UM-SC_UnitCard,UrbanMech,UM-SC,UnitType.Mech.Light,Unit.Usage.Unique,1/1/3028,504,Unit.Role.Ambusher,,8,1,Unique,,,,,,,,,,,,,
VTR-9A1_UnitCard,Victor,VTR-9A1,UnitType.Mech.Assault,Unit.Usage.Market,1/1/2508,1302,Unit.Role.Skirmisher,,39,8,,Rare,Uncommon,Rare,,Common,,,,,,Uncommon,Rare,Rare
VTR-9B_UnitCard,Victor,VTR-9B,UnitType.Mech.Assault,Unit.Usage.Market,1/1/2510,1378,Unit.Role.Skirmisher,,42,7,,Rare,Uncommon,Rare,Rare,Common,VeryRare,Rare,Uncommon,Rare,Rare,Uncommon,Uncommon,Uncommon
VTR-9K_UnitCard,Victor,VTR-9K,UnitType.Mech.Assault,Unit.Usage.Market,1/1/3049,1717,Unit.Role.Skirmisher,,54,8,,,Uncommon,Rare,Rare,,VeryRare,Rare,Rare,Rare,Rare,,Rare,Uncommon
VTR-9S_UnitCard,Victor,VTR-9S,UnitType.Mech.Assault,Unit.Usage.Market,1/1/2998,1360,Unit.Role.Skirmisher,,41,7,,,,,,,,Rare,,,Rare,,,Rare
VTR-DS_UnitCard,Victor,VTR-DS,UnitType.Mech.Assault,Unit.Usage.Unique,1/1/3041,1985,Unit.Role.Skirmisher,,65,8,Unique,,,,,,,,,,,,,
VND-1AA_UnitCard,Vindicator,VND-1AA,UnitType.Mech.Medium,Unit.Usage.Market,1/1/2863,966,Unit.Role.Skirmisher,,5,4,,,,Uncommon,,Rare,,,,,,,,
VND-1R_UnitCard,Vindicator,VND-1R,UnitType.Mech.Medium,Unit.Usage.Market,1/1/2826,1024,Unit.Role.Brawler,,5,4,,,,,,VeryCommon,,,Common,Uncommon,Uncommon,Common,Common,
VND-1SIB_UnitCard,Vindicator,VND-1SIB,UnitType.Mech.Medium,Unit.Usage.Unique,1/1/3000,1020,Unit.Role.Brawler,,0,6,Unique,,,,,,,,,,,,,
VND-1X_UnitCard,Vindicator,VND-1X,UnitType.Mech.Medium,Unit.Usage.Market,1/1/2826,1008,Unit.Role.Brawler,,5,4,,,,,,VeryCommon,,,,Rare,Rare,Common,,
VTOL_Igor_1x1_AC10_UnitCard,VTOL_Igor_1x1_AC10,VTOL_Igor_1x1_AC10,UnitType.VTOL,,1/1/2700,400,Unit.Role.Scout,,30,1,VTOL,Uncommon,Uncommon,Uncommon,Uncommon,Uncommon,Uncommon,Uncommon,Uncommon,Uncommon,Uncommon,Uncommon,Uncommon,Uncommon
VTOL_Igor_2x2AC2_UnitCard,VTOL_Igor_2x2AC2,VTOL_Igor_2x2AC2,UnitType.VTOL,,1/1/2700,400,Unit.Role.Scout,,25,1,VTOL,Uncommon,Uncommon,Uncommon,Uncommon,Uncommon,Uncommon,Uncommon,Uncommon,Uncommon,Uncommon,Uncommon,Uncommon,Uncommon
VTOL_Warrior_UnitCard,VTOL_Warrior,VTOL_Warrior,UnitType.VTOL,,1/1/2957,148,Unit.Role.Scout,,0,1,VTOL,Common,Common,Common,Common,Common,Common,Common,Common,Common,Common,Common,Common,Common
WHM-6D_UnitCard,Warhammer,WHM-6D,UnitType.Mech.Heavy,Unit.Usage.Market,1/1/2835,1471,Unit.Role.Brawler,,40,7,,,Uncommon,,,,,,,,,,,Uncommon
WHM-6R_UnitCard,Warhammer,WHM-6R,UnitType.Mech.Heavy,Unit.Usage.Market,1/1/2515,1299,Unit.Role.Brawler,,39,7,,Common,Common,Uncommon,Common,Common,Uncommon,VeryCommon,Uncommon,VeryRare,Rare,Uncommon,Uncommon,Common
WHM-BW_UnitCard,Warhammer,WHM-BW,UnitType.Mech.Heavy,Unit.Usage.Unique,1/1/3024,1509,Unit.Role.Brawler,,40,8,Unique,,,,,,,,,,,,,
WLF-1_UnitCard,Wolfhound,WLF-1,UnitType.Mech.Light,Unit.Usage.Market,1/1/3028,949,Unit.Role.Striker,,5,3,,,Rare,,,,,Common,Rare,,,,Rare,Uncommon
WLF-1A_UnitCard,Wolfhound,WLF-1A,UnitType.Mech.Light,Unit.Usage.Market,1/1/3028,967,Unit.Role.Striker,,5,3,,,Rare,,,,,Common,Rare,,,,,Uncommon
WLF-1B_UnitCard,Wolfhound,WLF-1B,UnitType.Mech.Light,Unit.Usage.Market,1/1/3028,967,Unit.Role.Striker,,5,3,,,Rare,,,,,Common,Rare,,,,,Uncommon
WVR-6K_UnitCard,Wolverine,WVR-6K,UnitType.Mech.Medium,Unit.Usage.Market,1/1/2598,1248,Unit.Role.Skirmisher,,18,5,,,,Uncommon,VeryCommon,,,,,,,,,
WVR-6R_UnitCard,Wolverine,WVR-6R,UnitType.Mech.Medium,Unit.Usage.Market,1/1/2575,1101,Unit.Role.Skirmisher,,18,5,,Uncommon,Uncommon,Uncommon,VeryCommon,Common,VeryCommon,Common,Common,Uncommon,Uncommon,Common,Common,Uncommon
WVR-Q_UnitCard,Wolverine,WVR-Q,UnitType.Mech.Medium,Unit.Usage.Unique,1/1/3015,1305,Unit.Role.Skirmisher,,0,5,Unique,,,,,,,,,,,,,
ZEU-5S_UnitCard,Zeus,ZEU-5S,UnitType.Mech.Assault,Unit.Usage.Market,1/1/2788,1474,Unit.Role.Sniper,,45,8,Extinct in IS by 2901?,,,,,,,,,,,,,
ZEU-6S_UnitCard,Zeus,ZEU-6S,UnitType.Mech.Assault,Unit.Usage.Market,1/1/2898,1348,Unit.Role.Sniper,,40,7,,,Rare,Uncommon,,,,VeryCommon,Common,,,Rare,Uncommon,Common
ZEU-6T_UnitCard,Zeus,ZEU-6T,UnitType.Mech.Assault,Unit.Usage.Market,1/1/3026,1436,Unit.Role.Sniper,,44,7,,,VeryRare,,,,,VeryCommon,,,,,,Uncommon
ZEU-9S_UnitCard,Zeus,ZEU-9S,UnitType.Mech.Assault,Unit.Usage.Market,1/1/3048,1639,Unit.Role.Sniper,,52,8,,,Rare,Rare,,,,VeryCommon,Common,,,,Uncommon,Common
